batter,total_runs,balls_faced,fours,sixes,innings,strike_rate,dismissals,batting_avg,centuries,half_centuries
A Badoni,634,505,46,24,35,125.54,26,24.38,0,4
A Mishra,381,440,31,5,55,86.59,32,11.91,0,0
A Symonds,974,781,74,41,36,124.71,27,36.07,1,5
AA Jhunjhunwala,217,218,19,5,15,99.54,13,16.69,0,1
AB de Villiers,5162,3479,413,251,170,148.38,130,39.71,3,40
AC Gilchrist,2069,1555,239,92,80,133.05,76,27.22,2,11
AD Mathews,724,599,44,29,41,120.87,31,23.35,0,1
AD Russell,2484,1512,170,209,104,164.29,85,29.22,0,11
AJ Finch,2091,1692,214,78,90,123.58,84,24.89,0,15
AK Markram,995,787,73,35,42,126.43,33,30.15,0,5
AL Menaria,401,367,24,18,23,109.26,21,19.1,0,0
AM Nayar,672,588,55,20,50,114.29,38,17.68,0,0
AM Rahane,4642,3858,479,103,171,120.32,154,30.14,2,30
AP Tare,339,285,40,11,27,118.95,24,14.12,0,1
AR Patel,1653,1318,107,79,112,125.42,77,21.47,0,3
AT Rayudu,4348,3490,359,173,185,124.58,155,28.05,1,22
Abdul Samad,577,406,37,36,39,142.12,30,19.23,0,0
Abhishek Sharma,1377,925,128,73,61,148.86,54,25.5,0,7
Abishek Porel,360,244,37,15,16,147.54,14,25.71,0,2
Anuj Rawat,318,276,26,14,21,115.22,16,19.88,0,1
Azhar Mahmood,388,311,39,13,21,124.76,19,20.42,0,2
B Chipli,280,256,28,7,21,109.38,15,18.67,0,1
B Kumar,306,338,30,3,65,90.53,35,8.74,0,0
B Sai Sudharsan,1034,770,95,32,25,134.29,22,47.0,1,6
BA Stokes,935,718,81,32,43,130.22,38,24.61,2,2
BB McCullum,2880,2267,293,130,109,127.04,104,27.69,2,13
BJ Hodge,1400,1153,122,43,63,121.42,42,33.33,0,6
C Green,707,472,62,32,28,149.79,17,41.59,1,2
C de Grandhomme,303,229,18,18,21,132.31,16,18.94,0,0
CA Lynn,1329,974,132,66,42,136.45,39,34.08,0,10
CA Pujara,390,403,50,4,22,96.77,19,20.53,0,1
CH Gayle,4965,3502,405,357,141,141.78,125,39.72,6,31
CH Morris,618,413,41,35,49,149.64,28,22.07,0,2
CJ Anderson,538,436,40,31,29,123.39,22,24.45,0,3
CL White,954,769,76,36,45,124.06,36,26.5,0,6
D Padikkal,1559,1323,170,42,64,117.84,62,25.15,1,9
DA Miller,2924,2170,207,134,123,134.75,81,36.1,1,13
DA Warner,6565,4844,663,236,184,135.53,162,40.52,4,62
DB Das,304,267,23,16,22,113.86,14,21.71,0,0
DB Ravi Teja,375,325,35,9,25,115.38,19,19.74,0,1
DJ Bravo,1560,1247,120,66,110,125.1,69,22.61,0,5
DJ Hooda,1465,1169,96,61,96,125.32,80,18.31,0,8
DJ Hussey,1322,1101,90,60,61,120.07,49,26.98,0,5
DJ Mitchell,351,274,28,10,15,128.1,13,27.0,0,2
DJG Sammy,295,251,15,18,20,117.53,15,19.67,0,1
DP Conway,924,669,100,30,22,138.12,19,48.63,0,9
DPMD Jayawardene,1802,1520,200,39,78,118.55,63,28.6,1,10
DR Smith,2385,1803,245,117,88,132.28,84,28.39,0,17
DT Christian,460,408,23,19,41,112.75,31,14.84,0,0
Dhruv Jurel,347,237,29,16,22,146.41,15,23.13,0,2
E Lewis,654,499,62,36,26,131.06,24,27.25,0,4
EJG Morgan,1405,1179,112,64,74,119.17,62,22.66,0,5
F du Plessis,4571,3435,422,166,138,133.07,127,35.99,0,37
G Gambhir,4217,3524,492,59,151,119.67,136,31.01,0,36
GC Smith,739,691,94,9,29,106.95,26,28.42,0,4
GH Vihari,284,331,23,1,23,85.8,20,14.2,0,0
GJ Bailey,663,552,59,19,36,120.11,27,24.56,0,2
GJ Maxwell,2771,1841,233,160,128,150.52,112,24.74,0,18
Gurkeerat Singh,511,436,55,11,32,117.2,24,21.29,0,2
H Klaasen,993,613,56,64,32,161.99,26,38.19,1,6
HH Gibbs,886,837,83,31,36,105.85,32,27.69,0,6
HH Pandya,2525,1808,189,136,128,139.66,88,28.69,0,10
HM Amla,577,418,60,21,16,138.04,13,44.38,2,3
HV Patel,249,214,16,15,37,116.36,27,9.22,0,0
Harbhajan Singh,833,636,79,42,88,130.97,55,15.15,0,1
Harpreet Brar,233,201,19,9,24,115.92,11,21.18,0,0
IK Pathan,1139,981,87,37,82,116.11,53,21.49,0,1
Ishan Kishan,2644,1991,255,119,99,132.8,93,28.43,0,16
J Botha,409,364,39,5,28,112.36,20,20.45,0,1
JA Morkel,974,711,61,55,67,136.99,40,24.35,0,3
JC Buttler,3582,2517,356,161,106,142.31,94,38.11,7,19
JD Ryder,604,466,69,19,29,129.61,28,21.57,0,4
JEC Franklin,327,309,25,9,16,105.83,11,29.73,0,1
JH Kallis,2427,2291,255,44,95,105.94,85,28.55,0,17
JJ Roy,614,460,75,21,21,133.48,19,32.32,0,4
JM Bairstow,1589,1132,166,69,50,140.37,46,34.54,2,9
JM Sharma,730,501,53,45,36,145.71,32,22.81,0,0
JO Holder,259,217,13,18,27,119.35,21,12.33,0,0
JP Duminy,2029,1680,126,79,75,120.77,51,39.78,0,14
JP Faulkner,527,405,36,23,45,130.12,25,21.08,0,0
JR Hopes,417,314,49,11,19,132.8,16,26.06,0,4
K Goel,218,239,17,9,16,91.21,15,14.53,0,0
K Rabada,206,207,16,8,28,99.52,17,12.12,0,0
KA Pollard,3412,2433,218,223,168,140.24,119,28.67,0,16
KC Sangakkara,1687,1424,195,27,68,118.47,65,25.95,0,10
KD Karthik,4842,3684,466,161,233,131.43,184,26.32,0,22
KH Pandya,1647,1287,144,61,107,127.97,75,21.96,0,1
KK Nair,1496,1192,161,39,68,125.5,63,23.75,0,10
KL Rahul,4683,3572,400,187,122,131.1,103,45.47,4,37
KM Jadhav,1208,1012,102,40,81,119.37,54,22.37,0,4
KP Pietersen,1001,758,91,40,36,132.06,28,35.75,1,4
KR Mayers,379,276,38,22,13,137.32,13,29.15,0,4
KS Williamson,2128,1731,186,64,76,122.93,60,35.47,0,18
KV Sharma,351,306,20,17,39,114.71,26,13.5,0,0
Kuldeep Yadav,183,224,16,3,32,81.7,12,15.25,0,0
LA Pomersbach,302,251,25,13,16,120.32,11,27.45,0,1
LMP Simmons,1079,878,109,44,29,122.89,27,39.96,1,11
LR Shukla,405,358,33,16,33,113.13,27,15.0,0,0
LRPL Taylor,1017,847,66,46,54,120.07,40,25.42,0,3
LS Livingstone,939,609,66,66,39,154.19,33,28.45,0,6
Lalit Yadav,305,301,27,7,21,101.33,16,19.06,0,0
M Kaif,259,258,22,6,22,100.39,18,14.39,0,0
M Manhas,514,486,43,10,38,105.76,23,22.35,0,0
M Shahrukh Khan,553,413,35,37,37,133.9,28,19.75,0,1
M Vijay,2619,2208,247,91,105,118.61,101,25.93,2,13
M Vohra,1083,863,104,43,51,125.49,49,22.1,0,3
MA Agarwal,2661,2079,263,98,121,127.99,117,22.74,1,13
MC Henriques,1000,801,87,28,54,124.84,36,27.78,0,5
MD Mishra,237,213,24,8,17,111.27,16,14.81,0,0
MEK Hussey,1977,1648,198,52,58,119.96,51,38.76,1,15
MK Lomror,527,389,33,30,35,135.48,29,18.17,0,1
MK Pandey,3850,3284,335,110,158,117.24,132,29.17,1,22
MK Tiwary,1695,1489,156,40,83,113.83,59,28.73,0,7
ML Hayden,1107,838,121,44,32,132.1,30,36.9,0,8
MM Ali,1162,849,95,67,57,136.87,51,22.78,0,6
MP Stoinis,1866,1366,150,91,88,136.6,66,28.27,1,9
MR Marsh,665,532,48,38,36,125.0,34,19.56,0,3
MS Bisla,798,737,93,23,39,108.28,38,21.0,0,4
MS Dhoni,5243,3947,363,252,228,132.84,134,39.13,0,24
MV Boucher,394,318,32,13,23,123.9,14,28.14,0,1
Mandeep Singh,1706,1418,176,38,97,120.31,82,20.8,0,6
N Pooran,1769,1141,113,127,72,155.04,55,32.16,0,9
N Rana,2636,2015,234,132,101,130.82,93,28.34,0,18
N Wadhera,350,261,32,18,16,134.1,15,23.33,0,2
NLTC Perera,422,324,23,26,30,130.25,22,19.18,0,0
NV Ojha,1554,1360,121,79,94,114.26,75,20.72,0,6
Nithish Kumar Reddy,303,221,15,21,11,137.1,9,33.67,0,2
OA Shah,506,405,34,23,22,124.94,15,33.73,0,4
P Kumar,340,323,22,17,57,105.26,38,8.95,0,0
P Negi,365,301,27,16,35,121.26,26,14.04,0,0
P Simran Singh,756,528,78,41,34,143.18,34,22.24,1,3
PA Patel,2848,2442,365,49,136,116.63,126,22.6,0,13
PBB Rajapaksa,277,201,22,15,13,137.81,13,21.31,0,1
PC Valthaty,505,432,61,20,23,116.9,22,22.95,1,2
PD Salt,653,385,74,34,21,169.61,19,34.37,0,6
PJ Cummins,515,359,33,34,39,143.45,26,19.81,0,3
PK Garg,273,247,16,9,19,110.53,18,15.17,0,1
PP Chawla,624,580,56,20,86,107.59,56,11.14,0,0
PP Shaw,1892,1321,238,61,79,143.22,79,23.95,0,14
Q de Kock,3157,2407,316,123,107,131.16,101,31.26,2,23
R Ashwin,800,698,61,28,89,114.61,60,13.33,0,1
R Bhatia,342,290,24,13,47,117.93,30,11.4,0,0
R Dravid,2174,1918,269,28,82,113.35,77,28.23,0,11
R Parag,1173,909,84,60,58,129.04,48,24.44,0,6
R Powell,360,254,21,28,22,141.73,19,18.95,0,1
R Sathish,270,236,22,6,24,114.41,17,15.88,0,0
R Tewatia,1013,788,84,47,65,128.55,40,25.32,0,1
R Vinay Kumar,310,289,21,9,42,107.27,28,11.07,0,0
RA Jadeja,2959,2378,215,107,180,124.43,108,27.4,0,3
RA Tripathi,2236,1650,223,84,93,135.52,83,26.94,0,12
RD Gaikwad,2380,1781,217,91,65,133.63,57,41.75,2,18
RG Sharma,6628,5180,599,281,251,127.95,223,29.72,2,43
RK Singh,893,654,67,46,40,136.54,29,30.79,0,4
RM Patidar,799,534,51,54,24,149.63,23,34.74,1,7
RN ten Doeschate,326,238,26,15,21,136.97,14,23.29,0,1
RR Pant,3284,2285,297,154,110,143.72,93,35.31,1,18
RR Rossouw,473,321,45,25,22,147.35,20,23.65,0,2
RS Bopara,531,468,39,16,22,113.46,18,29.5,0,3
RV Uthappa,4952,3925,481,182,197,126.17,180,27.51,0,27
Rahmanullah Gurbaz,289,228,24,19,13,126.75,13,22.23,0,2
Rashid Khan,545,355,39,38,58,153.52,37,14.73,0,1
S Badrinath,1441,1245,154,28,65,115.74,47,30.66,0,11
S Dhawan,6769,5481,768,153,221,123.5,193,35.07,2,51
S Dube,1502,1077,86,101,61,139.46,50,30.04,0,9
S Sohal,368,311,34,18,20,118.33,20,18.4,0,2
SA Asnodkar,423,352,56,10,19,120.17,20,21.15,0,2
SA Yadav,3594,2521,385,130,135,142.56,112,32.09,2,24
SC Ganguly,1349,1326,137,42,56,101.73,53,25.45,0,7
SE Marsh,2477,1908,266,78,69,129.82,62,39.95,1,20
SK Raina,5528,4174,506,203,200,132.44,170,32.52,1,39
SK Warne,198,219,14,6,27,90.41,20,9.9,0,0
SM Curran,883,673,74,37,48,131.2,35,25.23,0,5
SN Khan,585,456,63,14,36,128.29,26,22.5,0,1
SN Thakur,307,228,27,13,35,134.65,25,12.28,0,1
SO Hetmyer,1243,854,76,82,65,145.55,40,31.08,0,4
SP Goswami,293,307,32,3,21,95.44,20,14.65,0,1
SP Narine,1534,984,164,97,106,155.89,90,17.04,1,7
SPD Smith,2485,1994,225,60,93,124.62,72,34.51,1,11
SR Tendulkar,2334,2044,296,29,78,114.19,69,33.83,1,13
SR Watson,3874,2888,376,190,141,134.14,125,30.99,4,21
SS Iyer,3127,2543,271,113,114,122.97,97,32.24,0,21
SS Tiwary,1494,1291,111,50,73,115.72,52,28.73,0,8
ST Jayasuriya,768,573,84,39,30,134.03,28,27.43,1,4
STR Binny,880,700,66,35,66,125.71,46,19.13,0,0
SV Samson,4419,3270,352,206,162,135.14,144,30.69,3,25
SW Billings,503,399,40,20,27,126.07,26,19.35,0,3
Shahbaz Ahmed,536,467,28,25,37,114.78,28,19.14,0,1
Shakib Al Hasan,793,663,73,21,52,119.61,40,19.82,0,2
Shashank Singh,423,272,33,25,19,155.51,12,35.25,0,2
Shubman Gill,3216,2432,310,95,99,132.24,85,37.84,4,20
T Stubbs,405,239,26,26,17,169.46,11,36.82,0,3
TH David,659,417,38,46,35,158.03,23,28.65,0,0
TL Suman,676,587,55,26,39,115.16,32,21.12,0,2
TM Dilshan,1153,1047,140,24,50,110.12,43,26.81,0,9
TM Head,772,458,76,40,25,168.56,21,36.76,1,5
Tilak Varma,1156,830,90,58,38,139.28,29,39.86,0,6
UBT Chand,300,314,32,9,20,95.54,20,15.0,0,1
UT Yadav,208,211,16,9,48,98.58,21,9.9,0,0
V Kohli,8004,6232,706,273,244,128.43,207,38.67,8,55
V Sehwag,2728,1833,334,106,104,148.83,99,27.56,2,16
V Shankar,1115,890,80,45,58,125.28,44,25.34,0,6
VR Iyer,1326,1000,121,61,49,132.6,42,31.57,1,11
VVS Laxman,282,271,33,5,20,104.06,19,14.84,0,1
WP Saha,2934,2368,296,87,143,123.9,121,24.25,1,13
Washington Sundar,378,341,32,9,38,110.85,28,13.5,0,0
Y Nagar,285,271,20,9,20,105.17,14,20.36,0,0
Y Venugopal Rao,985,865,77,37,52,113.87,44,22.39,0,3
YBK Jaiswal,1607,1095,199,64,52,146.76,50,32.14,2,9
YK Pathan,3204,2330,262,159,153,137.51,110,29.13,1,13
Yuvraj Singh,2750,2205,217,149,126,124.72,111,24.77,0,13
