batter,total_runs,strike_rate,wickets,economy,mvp_score
YS Chahal,0.0,0.0,205.0,7.74,306.73
PP Chawla,624.0,107.59,192.0,7.98,294.52
DJ Bravo,1560.0,125.1,183.0,8.08,290.54
SP Narine,1534.0,155.89,180.0,6.76,286.22
R Ashwin,800.0,114.61,180.0,6.97,278.45
B Kumar,306.0,90.53,181.0,7.46,274.72
RA Jadeja,2959.0,124.43,160.0,7.57,270.08
A Mishra,381.0,86.59,174.0,7.3,264.95
SL Malinga,0.0,0.0,170.0,7.03,254.3
JJ Bumrah,0.0,0.0,165.0,7.23,246.78
Harbhajan Singh,833.0,130.97,150.0,7.04,233.94
Rashid Khan,545.0,153.52,149.0,6.9,229.8
UT Yadav,208.0,98.58,144.0,8.34,218.23
HV Patel,249.0,116.36,135.0,8.45,205.31
Sandeep Sharma,0.0,0.0,137.0,7.71,204.73
AR Patel,1653.0,125.42,123.0,7.28,201.56
AD Russell,2484.0,164.29,115.0,9.12,198.07
MM Sharma,0.0,0.0,132.0,8.52,197.15
Mohammed Shami,0.0,0.0,127.0,8.31,189.67
TA Boult,0.0,0.0,121.0,8.1,180.69
K Rabada,206.0,99.52,117.0,8.36,177.72
SR Watson,3874.0,134.14,92.0,7.7,177.31
R Vinay Kumar,310.0,107.27,105.0,8.32,160.84
A Nehra,0.0,0.0,106.0,7.71,158.23
Z Khan,0.0,0.0,102.0,7.54,152.25
CH Morris,618.0,149.64,95.0,7.9,149.39
JD Unadkat,0.0,0.0,99.0,8.8,147.62
DW Steyn,0.0,0.0,97.0,6.77,144.82
SN Thakur,307.0,134.65,94.0,8.82,144.53
P Kumar,340.0,105.26,90.0,7.6,138.69
Mohammed Siraj,0.0,0.0,93.0,8.34,138.67
KA Pollard,3412.0,140.24,69.0,8.32,138.19
JA Morkel,974.0,136.99,85.0,8.0,137.81
I Sharma,0.0,0.0,92.0,8.04,137.2
RP Singh,0.0,0.0,90.0,7.74,134.23
PP Ojha,0.0,0.0,89.0,7.4,132.76
Kuldeep Yadav,183.0,81.7,87.0,8.11,132.34
IK Pathan,1139.0,116.11,80.0,7.7,131.78
KH Pandya,1647.0,127.97,76.0,7.27,131.02
DS Kulkarni,0.0,0.0,86.0,8.04,128.2
CV Varun,0.0,0.0,83.0,7.54,123.75
Imran Tahir,0.0,0.0,82.0,7.74,122.23
JH Kallis,2427.0,105.94,65.0,7.83,122.05
HH Pandya,2525.0,139.66,64.0,8.87,121.76
KV Sharma,351.0,114.71,76.0,8.41,117.82
M Morkel,0.0,0.0,77.0,7.54,114.75
DL Chahar,0.0,0.0,77.0,7.71,114.73
L Balaji,0.0,0.0,76.0,7.94,113.21
Arshdeep Singh,0.0,0.0,76.0,8.66,113.13
RD Chahar,0.0,0.0,75.0,7.65,111.74
R Bhatia,342.0,117.93,71.0,7.44,110.36
MM Patel,0.0,0.0,74.0,7.52,110.25
KK Ahmed,0.0,0.0,74.0,8.56,110.14
Avesh Khan,0.0,0.0,74.0,8.68,110.13
MJ McClenaghan,0.0,0.0,71.0,8.2,105.68
Shakib Al Hasan,793.0,119.61,63.0,7.38,102.89
AB Dinda,0.0,0.0,69.0,7.94,102.71
PJ Cummins,515.0,143.45,63.0,8.65,100.22
T Natarajan,0.0,0.0,67.0,8.57,99.64
SK Trivedi,0.0,0.0,65.0,7.49,96.75
SM Curran,883.0,131.2,58.0,9.35,96.21
YK Pathan,3204.0,137.51,42.0,7.31,95.68
JP Faulkner,527.0,130.12,59.0,8.59,94.21
M Muralitharan,0.0,0.0,63.0,6.68,93.83
Ravi Bishnoi,0.0,0.0,63.0,7.65,93.74
SK Raina,5528.0,132.44,25.0,7.35,93.37
MG Johnson,0.0,0.0,61.0,8.02,90.7
Mustafizur Rahman,0.0,0.0,61.0,7.95,90.7
RG Sharma,6628.0,127.95,15.0,7.94,89.27
A Nortje,0.0,0.0,60.0,8.83,89.12
SK Warne,198.0,90.41,57.0,7.19,87.67
V Kohli,8004.0,128.43,4.0,8.43,86.48
S Kaul,0.0,0.0,58.0,8.59,86.14
GJ Maxwell,2771.0,150.52,37.0,8.15,83.9
MP Stoinis,1866.0,136.6,43.0,9.39,83.59
JO Holder,259.0,119.35,53.0,8.52,82.43
Yuvraj Singh,2750.0,124.72,36.0,7.42,82.01
CH Gayle,4965.0,141.78,18.0,7.76,77.29
S Gopal,0.0,0.0,52.0,8.15,77.18
MA Starc,0.0,0.0,51.0,8.02,75.7
MC Henriques,1000.0,124.84,42.0,7.98,73.45
M Prasidh Krishna,0.0,0.0,49.0,8.48,72.65
JC Archer,0.0,0.0,48.0,7.36,71.26
S Nadeem,0.0,0.0,48.0,7.48,71.25
NM Coulter-Nile,0.0,0.0,48.0,7.57,71.24
SB Jakati,0.0,0.0,47.0,8.03,69.7
TG Southee,0.0,0.0,47.0,8.43,69.66
LH Ferguson,0.0,0.0,46.0,8.7,68.13
S Dhawan,6769.0,123.5,0.0,8.5,68.08
A Kumble,0.0,0.0,45.0,6.65,66.83
RJ Harris,0.0,0.0,45.0,7.53,66.75
S Aravind,0.0,0.0,45.0,8.05,66.69
DA Warner,6565.0,135.53,0.0,8.5,66.16
VR Aaron,0.0,0.0,44.0,8.6,65.14
MM Ali,1162.0,136.87,35.0,7.01,64.79
DR Smith,2385.0,132.28,26.0,8.89,63.28
MR Marsh,665.0,125.0,37.0,8.12,62.59
AJ Tye,0.0,0.0,42.0,8.45,62.16
TU Deshpande,0.0,0.0,42.0,9.21,62.08
DT Christian,460.0,112.75,38.0,7.93,61.93
Washington Sundar,378.0,110.85,37.0,7.53,59.64
R Sharma,0.0,0.0,40.0,7.06,59.29
Iqbal Abdulla,0.0,0.0,40.0,7.16,59.28
S Sreesanth,0.0,0.0,40.0,7.74,59.23
R Tewatia,1013.0,128.55,32.0,7.74,58.64
P Awana,0.0,0.0,39.0,8.11,57.69
PJ Sangwan,0.0,0.0,38.0,8.4,56.16
JP Duminy,2029.0,120.77,23.0,7.25,55.27
P Negi,365.0,121.26,34.0,7.81,55.08
DE Bollinger,0.0,0.0,37.0,7.16,54.78
MS Gony,0.0,0.0,37.0,8.54,54.65
M Markande,0.0,0.0,37.0,8.8,54.62
MS Dhoni,5243.0,132.84,0.0,8.5,52.91
AB de Villiers,5162.0,148.38,0.0,8.5,52.25
BA Stokes,935.0,130.22,28.0,8.49,51.8
WD Parnell,0.0,0.0,35.0,7.66,51.73
M Ashwin,0.0,0.0,35.0,7.9,51.71
JR Hazlewood,0.0,0.0,35.0,8.01,51.7
PWH de Silva,0.0,0.0,35.0,8.17,51.68
NLTC Perera,422.0,130.25,31.0,8.65,51.16
M Pathirana,0.0,0.0,34.0,7.36,50.26
RV Uthappa,4952.0,126.17,0.0,8.5,49.93
KD Karthik,4842.0,131.43,0.0,8.5,48.88
KK Cooper,0.0,0.0,33.0,7.89,48.71
AD Mathews,724.0,120.87,27.0,8.14,48.13
Azhar Mahmood,388.0,124.76,29.0,7.68,47.86
KL Rahul,4683.0,131.1,0.0,8.5,47.29
AM Rahane,4642.0,120.32,0.0,8.5,46.77
F du Plessis,4571.0,133.07,0.0,8.5,46.19
M Kartik,0.0,0.0,31.0,7.2,45.78
SV Samson,4419.0,135.14,0.0,8.5,44.69
Shivam Mavi,0.0,0.0,30.0,8.37,44.16
CR Woakes,0.0,0.0,30.0,8.73,44.13
CJ Jordan,0.0,0.0,30.0,9.31,44.07
AT Rayudu,4348.0,124.58,0.0,8.5,43.88
A Zampa,0.0,0.0,29.0,7.93,42.71
AB Agarkar,0.0,0.0,29.0,8.59,42.64
Umran Malik,0.0,0.0,29.0,9.08,42.59
G Gambhir,4217.0,119.67,0.0,8.5,42.52
STR Binny,880.0,125.71,22.0,7.49,42.31
J Botha,409.0,112.36,25.0,6.92,42.02
DL Vettori,0.0,0.0,28.0,6.83,41.32
DP Nannes,0.0,0.0,28.0,7.1,41.29
PV Tambe,0.0,0.0,28.0,7.71,41.23
A Singh,0.0,0.0,28.0,7.89,41.21
Yash Dayal,0.0,0.0,28.0,9.1,41.09
A Symonds,974.0,124.71,20.0,7.71,40.22
Harpreet Brar,233.0,115.92,25.0,7.86,40.2
MF Maharoof,0.0,0.0,27.0,7.24,39.78
Harmeet Singh,0.0,0.0,27.0,7.81,39.72
Mohsin Khan,0.0,0.0,27.0,8.26,39.67
MK Pandey,3850.0,117.24,0.0,8.5,38.82
Shahbaz Ahmed,536.0,114.78,21.0,9.29,37.08
B Lee,0.0,0.0,25.0,7.38,36.76
M Theekshana,0.0,0.0,25.0,7.74,36.73
R Dhawan,0.0,0.0,25.0,7.98,36.7
L Ngidi,0.0,0.0,25.0,8.07,36.69
Harshit Rana,0.0,0.0,25.0,8.78,36.62
Naveen-ul-Haq,0.0,0.0,25.0,8.87,36.61
SA Yadav,3594.0,142.56,0.0,8.5,36.52
JC Buttler,3582.0,142.31,0.0,8.5,36.39
Noor Ahmad,0.0,0.0,24.0,7.86,35.21
AS Rajpoot,0.0,0.0,24.0,8.93,35.11
Yash Thakur,0.0,0.0,24.0,9.75,35.02
Mukesh Kumar,0.0,0.0,24.0,10.1,34.99
GB Hogg,0.0,0.0,23.0,7.53,33.75
SW Tait,0.0,0.0,23.0,7.51,33.75
Navdeep Saini,0.0,0.0,23.0,8.53,33.65
RR Pant,3284.0,143.72,0.0,8.5,33.43
Shubman Gill,3216.0,132.24,0.0,8.5,32.63
Sohail Tanvir,0.0,0.0,22.0,6.23,32.38
BW Hilfenhaus,0.0,0.0,22.0,7.65,32.24
Basil Thampi,0.0,0.0,22.0,9.6,32.04
Q de Kock,3157.0,131.16,0.0,8.5,32.03
C Green,707.0,149.79,16.0,8.77,31.69
SS Iyer,3127.0,122.97,0.0,8.5,31.65
Abhishek Sharma,1377.0,148.86,11.0,8.55,30.9
RE van der Merwe,0.0,0.0,21.0,6.79,30.82
K Gowtham,0.0,0.0,21.0,8.26,30.67
VY Mahesh,0.0,0.0,21.0,8.54,30.65
AS Joseph,0.0,0.0,21.0,9.34,30.57
DJ Hooda,1465.0,125.32,10.0,8.36,30.07
DA Miller,2924.0,134.75,0.0,8.5,29.74
WP Saha,2934.0,123.9,0.0,8.5,29.73
BB McCullum,2880.0,127.04,0.0,8.5,29.22
C Sakariya,0.0,0.0,20.0,7.96,29.2
M Jansen,0.0,0.0,20.0,9.02,29.1
PA Patel,2848.0,116.63,0.0,8.5,28.8
SC Ganguly,1349.0,101.73,10.0,7.93,28.71
V Sehwag,2728.0,148.83,0.0,8.5,27.92
AD Mascarenhas,0.0,0.0,19.0,7.06,27.79
ST Jayasuriya,768.0,134.03,13.0,7.89,27.73
Mujeeb Ur Rahman,0.0,0.0,19.0,7.94,27.71
KW Richardson,0.0,0.0,19.0,8.33,27.67
J Suchith,0.0,0.0,19.0,8.35,27.66
VG Arora,0.0,0.0,19.0,8.58,27.64
JP Behrendorff,0.0,0.0,19.0,8.91,27.61
RP Meredith,0.0,0.0,19.0,8.98,27.6
Akash Madhwal,0.0,0.0,19.0,9.27,27.57
MA Agarwal,2661.0,127.99,0.0,8.5,27.04
Ishan Kishan,2644.0,132.8,0.0,8.5,26.92
LR Shukla,405.0,113.13,15.0,8.43,26.84
N Rana,2636.0,130.82,0.0,8.5,26.82
LS Livingstone,939.0,154.19,11.0,8.88,26.54
M Vijay,2619.0,118.61,0.0,8.5,26.53
WPUJC Vaas,0.0,0.0,18.0,7.58,26.24
IC Pandey,0.0,0.0,18.0,7.79,26.22
NT Ellis,0.0,0.0,18.0,8.45,26.16
Anureet Singh,0.0,0.0,18.0,8.87,26.11
A Ashish Reddy,0.0,0.0,18.0,8.89,26.11
BB Sran,0.0,0.0,18.0,8.92,26.11
JR Hopes,417.0,132.8,14.0,9.14,25.58
DJ Hussey,1322.0,120.07,8.0,9.01,25.52
SPD Smith,2485.0,124.62,0.0,8.5,25.25
SE Marsh,2477.0,129.82,0.0,8.5,25.22
V Shankar,1115.0,125.28,9.0,8.0,25.1
CRD Fernando,0.0,0.0,17.0,7.37,24.76
Bipul Sharma,0.0,0.0,17.0,8.0,24.7
RD Gaikwad,2380.0,133.63,0.0,8.5,24.29
SR Tendulkar,2334.0,114.19,0.0,8.5,23.63
D Wiese,0.0,0.0,16.0,8.74,23.13
Mukesh Choudhary,0.0,0.0,16.0,9.1,23.09
RA Tripathi,2236.0,135.52,0.0,8.5,22.87
CJ Anderson,538.0,123.39,11.0,10.0,22.11
R Dravid,2174.0,113.35,0.0,8.5,22.02
MJ Santner,0.0,0.0,15.0,6.94,21.81
Mohammad Nabi,0.0,0.0,15.0,7.55,21.74
KS Williamson,2128.0,122.93,0.0,8.5,21.66
Kartik Tyagi,0.0,0.0,15.0,9.43,21.56
AJ Finch,2091.0,123.58,0.0,8.5,21.3
AC Gilchrist,2069.0,133.05,0.0,8.5,21.17
R Rampaul,0.0,0.0,14.0,6.79,20.32
AC Thomas,0.0,0.0,14.0,7.63,20.24
DR Sams,0.0,0.0,14.0,8.14,20.19
SJ Srivastava,0.0,0.0,14.0,8.71,20.13
MEK Hussey,1977.0,119.96,0.0,8.5,20.12
KR Sen,0.0,0.0,14.0,9.32,20.07
DJG Sammy,295.0,117.53,11.0,8.7,19.76
PP Shaw,1892.0,143.22,0.0,8.5,19.5
TM Dilshan,1153.0,110.12,5.0,8.03,19.33
RR Powar,0.0,0.0,13.0,7.29,18.77
CR Brathwaite,0.0,0.0,13.0,8.66,18.63
JD Ryder,604.0,129.61,8.0,7.82,18.55
Vijaykumar Vyshak,0.0,0.0,13.0,9.78,18.52
TK Curran,0.0,0.0,13.0,10.29,18.47
N Pooran,1769.0,155.04,0.0,8.5,18.39
DPMD Jayawardene,1802.0,118.55,0.0,8.5,18.36
Lalit Yadav,305.0,101.33,10.0,8.78,18.19
Mandeep Singh,1706.0,120.31,0.0,8.5,17.41
GD McGrath,0.0,0.0,12.0,6.67,17.33
Ankit Sharma,0.0,0.0,12.0,7.25,17.27
MK Tiwary,1695.0,113.83,0.0,8.5,17.24
KC Sangakkara,1687.0,118.47,0.0,8.5,17.2
BA Bhatt,0.0,0.0,12.0,8.08,17.19
AN Ahmed,0.0,0.0,12.0,8.54,17.15
VRV Singh,0.0,0.0,12.0,8.88,17.11
R McLaren,0.0,0.0,12.0,9.0,17.1
Joginder Sharma,0.0,0.0,12.0,9.29,17.07
YBK Jaiswal,1607.0,146.76,0.0,8.5,16.69
JM Bairstow,1589.0,140.37,0.0,8.5,16.44
D Padikkal,1559.0,117.84,0.0,8.5,15.92
SM Pollock,0.0,0.0,11.0,6.58,15.84
NV Ojha,1554.0,114.26,0.0,8.5,15.83
S Badree,0.0,0.0,11.0,7.51,15.75
Pankaj Singh,0.0,0.0,11.0,9.11,15.59
S Dube,1502.0,139.46,0.0,8.5,15.56
KK Nair,1496.0,125.5,0.0,8.5,15.36
SS Tiwary,1494.0,115.72,0.0,8.5,15.25
S Badrinath,1441.0,115.74,0.0,8.5,14.72
EJG Morgan,1405.0,119.17,0.0,8.5,14.39
BJ Hodge,1400.0,121.42,0.0,8.5,14.36
K Kartikeya,0.0,0.0,10.0,8.32,14.17
Suyash Sharma,0.0,0.0,10.0,8.66,14.13
BCJ Cutting,0.0,0.0,10.0,8.96,14.1
CA Lynn,1329.0,136.45,0.0,8.5,13.8
VR Iyer,1326.0,132.6,0.0,8.5,13.74
SO Hetmyer,1243.0,145.55,0.0,8.5,13.04
AG Murtaza,0.0,0.0,9.0,7.18,12.78
PVD Chameera,0.0,0.0,9.0,8.93,12.61
JDP Oram,0.0,0.0,9.0,8.9,12.61
KM Jadhav,1208.0,119.37,0.0,8.5,12.42
R Parag,1173.0,129.04,0.0,8.5,12.17
Tilak Varma,1156.0,139.28,0.0,8.5,12.1
ML Hayden,1107.0,132.1,0.0,8.5,11.54
J Yadav,0.0,0.0,8.0,6.74,11.33
BAW Mendis,0.0,0.0,8.0,7.08,11.29
M Vohra,1083.0,125.49,0.0,8.5,11.23
AA Chavan,0.0,0.0,8.0,7.98,11.2
LMP Simmons,1079.0,122.89,0.0,8.5,11.17
B Sai Sudharsan,1034.0,134.29,0.0,8.5,10.83
H Klaasen,993.0,161.99,0.0,8.5,10.7
LRPL Taylor,1017.0,120.07,0.0,8.5,10.52
KP Pietersen,1001.0,132.06,0.0,8.5,10.48
AK Markram,995.0,126.43,0.0,8.5,10.36
Y Venugopal Rao,985.0,113.87,0.0,8.5,10.14
CL White,954.0,124.06,0.0,8.5,9.93
DP Conway,924.0,138.12,0.0,8.5,9.77
A Mithun,0.0,0.0,7.0,9.17,9.58
RK Singh,893.0,136.54,0.0,8.5,9.45
HH Gibbs,886.0,105.85,0.0,8.5,9.07
RM Patidar,799.0,149.63,0.0,8.5,8.64
TM Head,772.0,168.56,0.0,8.5,8.56
MS Bisla,798.0,108.28,0.0,8.5,8.21
P Simran Singh,756.0,143.18,0.0,8.5,8.14
JM Sharma,730.0,145.71,0.0,8.5,7.91
GC Smith,739.0,106.95,0.0,8.5,7.61
PD Salt,653.0,169.61,0.0,8.5,7.38
TH David,659.0,158.03,0.0,8.5,7.32
TL Suman,676.0,115.16,0.0,8.5,7.06
AM Nayar,672.0,114.29,0.0,8.5,7.01
E Lewis,654.0,131.06,0.0,8.5,7.0
GJ Bailey,663.0,120.11,0.0,8.5,6.98
A Badoni,634.0,125.54,0.0,8.5,6.75
JJ Roy,614.0,133.48,0.0,8.5,6.62
Abdul Samad,577.0,142.12,0.0,8.5,6.34
HM Amla,577.0,138.04,0.0,8.5,6.3
SN Khan,585.0,128.29,0.0,8.5,6.28
M Shahrukh Khan,553.0,133.9,0.0,8.5,6.02
MK Lomror,527.0,135.48,0.0,8.5,5.77
RS Bopara,531.0,113.46,0.0,8.5,5.59
OA Shah,506.0,124.94,0.0,8.5,5.46
SW Billings,503.0,126.07,0.0,8.5,5.44
Gurkeerat Singh,511.0,117.2,0.0,8.5,5.43
PC Valthaty,505.0,116.9,0.0,8.5,5.37
M Manhas,514.0,105.76,0.0,8.5,5.35
RR Rossouw,473.0,147.35,0.0,8.5,5.35
Shashank Singh,423.0,155.51,0.0,8.5,4.94
T Stubbs,405.0,169.46,0.0,8.5,4.89
SA Asnodkar,423.0,120.17,0.0,8.5,4.58
MV Boucher,394.0,123.9,0.0,8.5,4.33
KR Mayers,379.0,137.32,0.0,8.5,4.31
AL Menaria,401.0,109.26,0.0,8.5,4.25
Abishek Porel,360.0,147.54,0.0,8.5,4.23
R Powell,360.0,141.73,0.0,8.5,4.17
Dhruv Jurel,347.0,146.41,0.0,8.5,4.08
DB Ravi Teja,375.0,115.38,0.0,8.5,4.05
CA Pujara,390.0,96.77,0.0,8.5,4.02
S Sohal,368.0,118.33,0.0,8.5,4.01
N Wadhera,350.0,134.1,0.0,8.5,3.99
DJ Mitchell,351.0,128.1,0.0,8.5,3.94
RN ten Doeschate,326.0,136.97,0.0,8.5,3.78
AP Tare,339.0,118.95,0.0,8.5,3.73
Nithish Kumar Reddy,303.0,137.1,0.0,8.5,3.55
C de Grandhomme,303.0,132.31,0.0,8.5,3.5
JEC Franklin,327.0,105.83,0.0,8.5,3.48
Anuj Rawat,318.0,115.22,0.0,8.5,3.48
LA Pomersbach,302.0,120.32,0.0,8.5,3.37
DB Das,304.0,113.86,0.0,8.5,3.33
Rahmanullah Gurbaz,289.0,126.75,0.0,8.5,3.31
PBB Rajapaksa,277.0,137.81,0.0,8.5,3.3
UBT Chand,300.0,95.54,0.0,8.5,3.11
Y Nagar,285.0,105.17,0.0,8.5,3.05
B Chipli,280.0,109.38,0.0,8.5,3.04
SP Goswami,293.0,95.44,0.0,8.5,3.03
VVS Laxman,282.0,104.06,0.0,8.5,3.01
PK Garg,273.0,110.53,0.0,8.5,2.99
R Sathish,270.0,114.41,0.0,8.5,2.99
GH Vihari,284.0,85.8,0.0,8.5,2.85
M Kaif,259.0,100.39,0.0,8.5,2.74
MD Mishra,237.0,111.27,0.0,8.5,2.63
AA Jhunjhunwala,217.0,99.54,0.0,8.5,2.32
K Goel,218.0,91.21,0.0,8.5,2.24
